{
  "openapi": "3.0.3",
  "info": {
    "title": "Mini Leave Management System API",
    "version": "1.0.0"
  },
  "paths": {
    "/employees": {
      "post": {
        "summary": "Add an employee",
        "requestBody": {
          "required": true,
          "content": {
            "application/json": {
              "schema": {
                "type": "object",
                "required": [
                  "name",
                  "email",
                  "departmentId",
                  "joiningDate"
                ],
                "properties": {
                  "name": {
                    "type": "string"
                  },
                  "email": {
                    "type": "string",
                    "format": "email"
                  },
                  "departmentId": {
                    "type": "integer"
                  },
                  "joiningDate": {
                    "type": "string",
                    "format": "date"
                  }
                }
              },
              "examples": {
                "default": {
                  "value": {
                    "name": "Aisha Khurana",
                    "email": "aisha@example.com",
                    "departmentId": 1,
                    "joiningDate": "2024-03-15"
                  }
                }
              }
            }
          }
        },
        "responses": {
          "201": {
            "description": "Created"
          }
        }
      },
      "get": {
        "summary": "List employees",
        "parameters": [
          {
            "in": "query",
            "name": "q",
            "schema": {
              "type": "string"
            }
          }
        ],
        "responses": {
          "200": {
            "description": "OK"
          }
        }
      }
    },
    "/employees/{id}/balances": {
      "get": {
        "summary": "Get leave balances",
        "parameters": [
          {
            "in": "path",
            "name": "id",
            "required": true,
            "schema": {
              "type": "integer"
            }
          },
          {
            "in": "query",
            "name": "year",
            "schema": {
              "type": "integer"
            }
          }
        ],
        "responses": {
          "200": {
            "description": "OK"
          }
        }
      }
    },
    "/leaves/apply": {
      "post": {
        "summary": "Apply for leave",
        "requestBody": {
          "required": true,
          "content": {
            "application/json": {
              "schema": {
                "type": "object",
                "required": [
                  "employeeId",
                  "leaveTypeId",
                  "startDate",
                  "endDate",
                  "reason"
                ],
                "properties": {
                  "employeeId": {
                    "type": "integer"
                  },
                  "leaveTypeId": {
                    "type": "integer"
                  },
                  "startDate": {
                    "type": "string",
                    "format": "date"
                  },
                  "endDate": {
                    "type": "string",
                    "format": "date"
                  },
                  "reason": {
                    "type": "string"
                  }
                }
              },
              "examples": {
                "default": {
                  "value": {
                    "employeeId": 5,
                    "leaveTypeId": 1,
                    "startDate": "2025-09-10",
                    "endDate": "2025-09-12",
                    "reason": "Family function"
                  }
                }
              }
            }
          }
        },
        "responses": {
          "201": {
            "description": "Leave request created"
          }
        }
      }
    },
    "/leaves/{id}/approve": {
      "post": {
        "summary": "Approve a leave request",
        "responses": {
          "200": {
            "description": "Approved"
          }
        }
      }
    },
    "/leaves/{id}/reject": {
      "post": {
        "summary": "Reject a leave request",
        "responses": {
          "200": {
            "description": "Rejected"
          }
        }
      }
    },
    "/leaves": {
      "get": {
        "summary": "List leave requests",
        "parameters": [
          {
            "in": "query",
            "name": "status",
            "schema": {
              "type": "string",
              "enum": [
                "PENDING",
                "APPROVED",
                "REJECTED",
                "CANCELLED"
              ]
            }
          },
          {
            "in": "query",
            "name": "employeeId",
            "schema": {
              "type": "integer"
            }
          }
        ],
        "responses": {
          "200": {
            "description": "OK"
          }
        }
      }
    }
  }
}