{
  "info": {
    "name": "Mini Leave Mgmt",
    "schema": "https://schema.getpostman.com/json/collection/v2.1.0/collection.json"
  },
  "item": [
    {
      "name": "Create Employee",
      "request": {
        "method": "POST",
        "header": [
          {
            "key": "Content-Type",
            "value": "application/json"
          }
        ],
        "url": {
          "raw": "http://localhost:3000/employees",
          "protocol": "http",
          "host": [
            "localhost"
          ],
          "port": "3000",
          "path": [
            "employees"
          ]
        },
        "body": {
          "mode": "raw",
          "raw": "{\"name\": \"Aisha Khurana\", \"email\": \"aisha@example.com\", \"departmentId\": 1, \"joiningDate\": \"2025-04-10\"}"
        }
      }
    },
    {
      "name": "Get Employees",
      "request": {
        "method": "GET",
        "url": {
          "raw": "http://localhost:3000/employees",
          "protocol": "http",
          "host": [
            "localhost"
          ],
          "port": "3000",
          "path": [
            "employees"
          ]
        }
      }
    },
    {
      "name": "Get Balances",
      "request": {
        "method": "GET",
        "url": {
          "raw": "http://localhost:3000/employees/1/balances?year=2025",
          "protocol": "http",
          "host": [
            "localhost"
          ],
          "port": "3000",
          "path": [
            "employees",
            "1",
            "balances"
          ],
          "query": [
            {
              "key": "year",
              "value": "2025"
            }
          ]
        }
      }
    },
    {
      "name": "Apply Leave",
      "request": {
        "method": "POST",
        "header": [
          {
            "key": "Content-Type",
            "value": "application/json"
          }
        ],
        "url": {
          "raw": "http://localhost:3000/leaves/apply",
          "protocol": "http",
          "host": [
            "localhost"
          ],
          "port": "3000",
          "path": [
            "leaves",
            "apply"
          ]
        },
        "body": {
          "mode": "raw",
          "raw": "{\"employeeId\": 1, \"leaveTypeId\": 1, \"startDate\": \"2025-09-10\", \"endDate\": \"2025-09-12\", \"reason\": \"Family\"}"
        }
      }
    },
    {
      "name": "Approve Leave",
      "request": {
        "method": "POST",
        "url": {
          "raw": "http://localhost:3000/leaves/1/approve",
          "protocol": "http",
          "host": [
            "localhost"
          ],
          "port": "3000",
          "path": [
            "leaves",
            "1",
            "approve"
          ]
        }
      }
    },
    {
      "name": "Reject Leave",
      "request": {
        "method": "POST",
        "url": {
          "raw": "http://localhost:3000/leaves/1/reject",
          "protocol": "http",
          "host": [
            "localhost"
          ],
          "port": "3000",
          "path": [
            "leaves",
            "1",
            "reject"
          ]
        }
      }
    },
    {
      "name": "List Leaves",
      "request": {
        "method": "GET",
        "url": {
          "raw": "http://localhost:3000/leaves",
          "protocol": "http",
          "host": [
            "localhost"
          ],
          "port": "3000",
          "path": [
            "leaves"
          ]
        }
      }
    }
  ]
}